lambda,k_alpha,k_epsilon,epsilon_0,cumulative_mean,mean,std,max,min,median
0.5,0.0001,0.0001,0.2,81.36613465664105,126.4586073123794,143.85998615535084,281.1231846880225,-425.3939570397464,199.61782172182194
0.5,0.0001,0.0001,0.2,67.11628619634723,105.96528109527878,137.7968037996547,280.3971901395885,-428.66335859443706,176.54316037652217
